username,userid,profile_location,created_at,text,retweet_count,source,coordinates
Martha Crites,1636715966,"Seattle, WA",2023-01-22 07:14:11,"Yikes. ‚ÄúMissouri has just criminalized sleeping on state-owned land, including streets, parks, and beneath bridges.‚Ä¶ https://t.co/ejgxlG5usB",0,Twitter for iPad,
"Mack,",1125037529969889287,seattle,2023-01-22 05:56:16,Like nobody wants anything from you Brandon you look like a homeless man on crack,0,Twitter for iPhone,
Kris Dreemurr of the Pnictogen Wing (at Large),1512534769388568578,"Seattle, WA",2023-01-22 05:37:16,@derpdingus1 @RGIII (the narrator pauses to note that the homeless guy is almost certainly many orders of magnitude‚Ä¶ https://t.co/e4Leh55YAH,0,Twitter Web App,
PianoGraceANN,18139841,seattle,2023-01-22 03:59:27,@cturnbull1968 @CollinRugg Like the gallery owner who sprayed a homeless woman with a hose for a substantial amount‚Ä¶ https://t.co/2ehoulDGCf,0,Twitter for Android,
Lynn Landra | Vampire Cyborg,834604668177117184,"Seattle, WA",2023-01-22 03:47:26,"@layne_madeline @StephTaitWrites Very much ""I don't like seeing the homeless people"" energy",0,Twitter for Android,
Shawn Hereth,1590608720027082753,"Seattle, WA",2023-01-22 03:38:20,@monyro5 @Pouldeau61 @paramaniac9 @scottstocker4 @TonyBaduy @LummHandy @JonathanHannah @SkepticalMutant‚Ä¶ https://t.co/7NUSoqC9T5,0,Twitter for Android,
Purity of Essence,33392527,Seattle,2023-01-22 03:18:20,"@MarketUrbanism I mean, in Seattle those would become shelter for homeless people.",0,Twitter for iPhone,
"Rev. Jesus ""H"" Christ",1088165183220965376,"Seattle, WA",2023-01-22 02:48:03,"@JenJenBaMo @Incindery1 If gangs of homeless were wandering around beating citizens to death like this, there would‚Ä¶ https://t.co/3k0ERxwOY1",0,Twitter for iPhone,
Chosen One üá∫üá¶+üá∫üá∏,17127559,"Redmond, WA",2023-01-22 02:43:02,"@charliekirk11 All of Atlanta is burning, huh? There must be millions homeless!",0,Twitter for iPhone,
Felix Catus,1528414247465521158,"Seattle, WA",2023-01-22 01:43:44,@ericacbarnett @MayorofSeattle being a homeless teen in this city was hard enough 10 years ago and it's only gotten worse,0,Twitter for iPad,
Brett Hamil,27712354,Seattle,2023-01-22 00:46:33,"@mv @weheartfounder um yeah he cheered on people vandalizing a pregnant homeless woman's mobile home on his show, h‚Ä¶ https://t.co/io05bnptQ5",0,Twitter Web App,
rockrawintoy,1060660075407147008,"Seattle, WA",2023-01-22 00:25:02,@chigrl Downtown Seattle is terrible. It‚Äôs so sketchy. At least I haven‚Äôt had to defend myself from a homeless person yet this month,0,Twitter for iPhone,
French Grip Ted,935201252,"Seattle, WA",2023-01-22 00:05:02,"Ask for that 50 billion you gave Ukraine back. 

There's a mf homeless outside my apt in the snow tripping on fent‚Ä¶ https://t.co/g5UpOK4iie",0,Twitter for Android,
asdf,40094782,"Seattle, WA",2023-01-22 00:04:35,"@fettwalp $100,000,000,000+ for nazis in Ukraine, nothing for the homeless.",1,Twitter Web App,
CD Quality Graphics,14345985,"Seattle, Washington",2023-01-21 23:59:16,@SuperGameBro @Melissa__x0xo I have had some very long conversations on that observed perspective. I used to manage‚Ä¶ https://t.co/EcoSCkSZba,0,Twitter for iPhone,
Kristen Bogren,34191179,"Seattle, WA",2023-01-21 22:52:08,@ericacbarnett @MayorofSeattle Just curious on what the solution could be otherwise? My friend gave up her spot at‚Ä¶ https://t.co/pdf1sxeHyz,0,Twitter for iPhone,
"The Nerdskull, Woke Moralist",1288553498695483394,"Seattle, WA",2023-01-21 22:21:32,"""You don't need an iPhone in order to live"" is a take that only a person who has never had to have a job or live on‚Ä¶ https://t.co/TCrvmMbzwT",72,Twitter Web App,
KOMO News,16086928,"Seattle, WA",2023-01-21 22:20:00,"He‚Äôll wrap the handles in duct tape, bang on the fence and swing them at people.""

https://t.co/OYKTPLV1Yy",1,TweetDeck,
Jai vasanth,2972941956,"Seattle, WA",2023-01-21 21:47:03,"@ItsTheHousing All of Finland had 20k homeless people. Seattle alone now has 11k homeless people.

The problem is scale :)",0,Twitter for iPhone,
Axel Gear // Mr. Jack,712598735176335360,"Seattle, WA",2023-01-21 21:46:33,@AttyErinS @GoodPoliticGuy I do think you raise a good point about needing equipment for the block cheese. While ch‚Ä¶ https://t.co/25XCGuo2Nh,0,Twitter Web App,
Jane M,1441306146619363332,"Edmonds, WA",2023-01-21 21:01:51,"@GordonOfSeattle If downtown streets are going to be places for families and businesses, you need to get rid of the homeless first",0,Twitter for iPhone,
Seattle Reddit,754067010691014658,"Seattle, WA",2023-01-21 20:17:36,Crime-ridden Seattle loses Nike store and multiplex cinema - as number of homeless deaths soar‚Ä¶ https://t.co/36amqlMEH5,0,dlvr.it,
Deborah,27379820,"Seattle, WA",2023-01-21 19:57:58,@kirklandgov Now maybe you can use it as affordable housing or make it a facility to help the homeless as a retrain‚Ä¶ https://t.co/si6J0MD1Jc,0,Twitter for iPhone,
Jesse Robbins @kravmagacdist,1435113570056896516,Seattle,2023-01-21 19:56:23,@CMTammyMorales @CMTMosqueda @CMSaraNelson I opened a Krav Maga school in your district (Chinatown/ID). Just got th‚Ä¶ https://t.co/3aJYeJpWhI,0,Twitter for iPhone,
demon wearing a human skinsuit,15177325,she/her,2023-01-21 19:45:19,Why would you give cops a town when you have homeless in the streets?,0,Twitter for Android,
Rick Claus - 2023? LETS GO!,3352471,"Redmond, WA",2023-01-21 19:43:25,"How‚Äôs your day going? 

I'm helping out my friend @SeattleChefMatt with his mission of feeding homeless folks in Se‚Ä¶ https://t.co/q3p8fMgh3U",2,Twitter for iPhone,
Kris Dreemurr of the Pnictogen Wing (at Large),1512534769388568578,"Seattle, WA",2023-01-21 19:02:12,@fchollet the general American attitude towards homeless people is that they ought to be liquidated by the police.‚Ä¶ https://t.co/oBD9Wb0KC1,0,Twitter Web App,
Anne Fanning,281867095,Seattle,2023-01-21 18:33:46,"@Venntive ‚ÄúHomeless‚Äù is one letter away from ‚Äúhopeless.‚Äù And yes, this stuff matters.",0,Twitter for iPhone,
MarkItZeroDonny,1044015500605284352,"Seattle, WA",2023-01-21 18:27:48,@DredgenPlays @Dexerto @airrack Ahahahahah!!! Nope. Zero chance even half of that shitty floor pizza made it to the‚Ä¶ https://t.co/aoFKjsYgJU,0,Twitter for Android,
MarkItZeroDonny,1044015500605284352,"Seattle, WA",2023-01-21 18:24:34,"@NathalexSan @Dexerto @airrack Bullshit. There is no way that much ""food"" was consumed and not trashed.

""Hey, home‚Ä¶ https://t.co/wf2J0glKUQ",0,Twitter for Android,
Jules üáÆüá™üíöü§çüß°üáµüá∏üïäüá¨üá∑üíôü§çüêêüè≥Ô∏è‚Äçüåà#BLM,924281715933229056,By the sea,2023-01-21 17:54:20,"Has anyone wondered why Palestinians are forced to demolish their own homes by the Israelis, left homeless, with no‚Ä¶ https://t.co/pFMNU942M4",18,Twitter for iPhone,
fiona stafford,1461544800050577409,"Bellevue, WA",2023-01-21 17:47:01,There‚Äôs unbelievable wealth here in Greater Seattle but the sheeple here &amp; the local Microsoft/Amazon/Google Exes a‚Ä¶ https://t.co/gix9HeASz0,0,Twitter for iPhone,
Jeremy Pitman,17936548,"Seattle, WA",2023-01-21 17:18:16,"Nike gets the headlines but for every Nike, one hundred other small businesses have left the city too. A crime and‚Ä¶ https://t.co/QNYwb0ov78",0,Twitter Web App,
Allen,190778018,"Seattle, WA",2023-01-21 14:47:05,@Muehlhans @komonews Ya that rifle gonna help a stealthy hammer attack last I hears the Dems wanted to give hammers‚Ä¶ https://t.co/zuNlPIko1r,0,Twitter for Android,
Matthew Ramsey,128071814,"Kirkland, WA",2023-01-21 11:23:37,@Stonekettle This person hasn't looked any statistic in their entire life. Nothing about what they've said it true‚Ä¶ https://t.co/kRbPILvUb5,0,Twitter Web App,
Yip Foundation,850527333165420546,"Seattle, WA",2023-01-21 10:01:10,Be a bridge between homeless and home for a shelter pet. üíô #FosteringSavesLives https://t.co/BgRrccsxX6,3,Pando Group Social,
Jai vasanth,2972941956,"Seattle, WA",2023-01-21 07:21:30,"Maybe a controversial take : so, what‚Äôs the city supposed to do ? 

Homeless camps often have stolen/trash items an‚Ä¶ https://t.co/lxtHYSES9q",0,Twitter for iPhone,
Ellipsis Lacuna,1535403844867223552,Seattle,2023-01-21 07:15:12,@CroneWitch_51 it's not illegal to feed the homeless,0,Twitter Web App,
Connie Anne Hellyer,919284518904668160,"Seattle, WA",2023-01-21 05:04:02,"@YB_Blue2020 üò• I‚Äôve heard, too, that 30% of kids who age out of foster care end up on the streets (homeless). We‚Äôre‚Ä¶ https://t.co/a0tlmm60qx",0,Twitter for iPhone,
With or Without Youüéµ,1267655386859032576,Under the Sea,2023-01-21 04:06:57,"@akjakalope @laurenboebert Keep your front door and car unlocked, then see if you still think life ends at the bord‚Ä¶ https://t.co/BanZmQQG1D",0,Twitter for Android,
Cxnnxbis Cxrpse üè≥Ô∏è‚Äç‚ößÔ∏è‚ôøÔ∏è ‚àû (he/they),716444474746937346,"Seattle, WA",2023-01-21 04:06:13,@POTUS Ya well the disabled and homeless arnt so what are you going to do about that?,0,Twitter for iPhone,
Trent Hull,32986204,"Lynnwood, WA",2023-01-21 03:58:22,"@KIRO7Seattle Everyone else is too... No surprise. Who enjoys a city that smells like piss, looks like a bomb when‚Ä¶ https://t.co/aWBLxZPMU7",0,Twitter for Android,
DivestSPD,1275567382195343360,"Seattle, Washington",2023-01-21 03:52:08,"This hack dipshit has the gall to talk about dishonest framing and shifting the narrative, when that‚Äôs exactly what‚Ä¶ https://t.co/8WDguBmUtr",6,Twitter Web App,
DivestSPD,1275567382195343360,"Seattle, Washington",2023-01-21 03:47:55,"David Horsey update: He‚Äôs still the worst.

Once again, per KCHA surveys, only 1/3rd of homeless people have substa‚Ä¶ https://t.co/NiyljOTghy",20,Twitter Web App,
Julie Williams,35131401,under the sea,2023-01-21 02:36:32,#Liberals care more about a homeless woman getting sprayed with water than they do about human trafficking at the Southern Border.,0,Twitter for Android,
Dr. Eldon Tyrell-Rosen üá∫üá∏üè≥Ô∏è‚ÄçüåàüéßüéÆ,708867565376765952,"Seattle, WA",2023-01-21 02:22:16,@JohnKI7YRA Every time I see one of these articles I wonder how they got there and if anything significant is being‚Ä¶ https://t.co/3wNVbQzD6R,0,Twitter for iPhone,
FOX 13 Seattle,17070252,Seattle,2023-01-21 02:15:20,"San Francisco police say they've arrested Shannon Collier Gwin, the man seen last week on video hosing down a homel‚Ä¶ https://t.co/9Y5jS1jx3r",3,True Anthem,
Steven Chappell,67146174,"Seattle, WA",2023-01-21 01:47:57,"LA hates homeless people more than they hate the entire city smelling like piss

Should be called the City of Wet P‚Ä¶ https://t.co/nJSoLIjIDe",0,Twitter for Android,
Taryn Richardson,26430692,"Seattle,WA",2023-01-21 01:44:55,@shimmydeans @KING5Seattle Well to start she is part to blame for Seattle turning into a dump with drugs and homele‚Ä¶ https://t.co/PDOBFfrDy3,0,Twitter for iPhone,
BusyChild,1599478599119441922,"Seattle, WA",2023-01-20 23:52:08,@glibbergabber @Aella_Girl This is like justifying a 50 cent minimum wage for homeless people because it's a good s‚Ä¶ https://t.co/PN9nuoOjqZ,0,Twitter for Android,
j,3268818444,"Seattle, WA",2023-01-20 22:44:21,"@ApolloTBL something that should literally be illegal, leasing an apartment to your business then 4x ing the rent a‚Ä¶ https://t.co/O9pEqV1zkt",0,Twitter for iPhone,
Geek Avenger üá∫üá∏üéÆüèãÔ∏è‚Äç‚ôÇÔ∏èü•Éüê∏‚úùÔ∏è,1443717943590731781,"Seattle, WA",2023-01-20 22:22:03,Jason is correct and our number of homeless deaths has doubled over the past few years because of this.   The incre‚Ä¶ https://t.co/oZhgTiOqDR,0,Twitter Web App,
Robert Webster Cook,1612339418576351233,"Seattle, WA",2023-01-20 22:20:15,"Can't have intimate
in a Foster Home
or smoke weed
otherwise you will
be homeless!",0,Twitter for Android,
Cxnnxbis Cxrpse üè≥Ô∏è‚Äç‚ößÔ∏è‚ôøÔ∏è ‚àû (he/they),716444474746937346,"Seattle, WA",2023-01-20 22:19:04,@shopaurahouse Im in a homeless shelter and i do have food stamps but its really stressful and not rhe best place t‚Ä¶ https://t.co/aTicxkRvMT,0,Twitter for iPhone,
seattlegray19üá∫üá∏,1035822074923642880,"Seattle, WA",2023-01-20 21:36:36,@KIRONewsradio @thedaveross @ColleenKIROFM Most not all homeless are drug users. They prefer this lifestyle. So ask‚Ä¶ https://t.co/5K0gLiFZrA,0,Twitter for iPhone,
PLAYOFFS?!,21956335,"Seattle, WA",2023-01-20 21:35:26,@nojumper One of many reasons to not give homeless people money,0,Twitter for iPhone,
KOMO News,16086928,"Seattle, WA",2023-01-20 21:30:00,"The camp is located at the intersection of Fairview Avenue and Mercer Street near the on-ramp to I-5.
https://t.co/OYKTPLV1Yy",1,TweetDeck,
paul burnette,21072573,Seattle,2023-01-20 21:27:45,@MyEverettNews @EverettPolice @EverettCity did i read the article correctly? Seems like they are out putting the homeless in jail?,0,Twitter Web App,
Sean Reynolds,623233155,"Bellevue, WA",2023-01-20 21:26:51,"Fentanyl fuels record homeless deaths in Seattle area
https://t.co/NrA2stwINr
https://t.co/NrA2stwINr",0,Zapier.com,
Summit Properties NW,3010457868,"Bellevue, Wa",2023-01-20 21:26:51,"Fentanyl fuels record homeless deaths in Seattle area
https://t.co/BSE9XiWtkQ",0,Zapier.com,
Derrick E Jones,390278440,"Seattle, WA",2023-01-20 21:19:32,"And blame the usual suspects such as: ‚Äúhomeless bums‚Äù, ‚Äúdruggies‚Äú, ‚Äújunkies‚Äù, ‚Äúthuggies‚Äù, etc.",0,Twitter for iPhone,
seattle newswire,1517978818132135936,"Seattle, Washington",2023-01-20 20:35:00,"South Lake Union encampment neighbors report fires, ‚ÄòMad Max‚Äô weapons #seattle - KOMO News https://t.co/J0YsPoolBN",0,seattlebrief,
Annika Sparkles,1025777589216927749,"Seattle, WA",2023-01-20 20:32:26,I guess since I‚Äôve been homeless for actual years of my life I don‚Äôt find that prospect frightening.,0,Twitter for iPhone,
Michelle,257111937,"Seattle, WA",2023-01-20 20:31:57,"@QUEENSFAM I just sent you a little something. As someone who used to be homeless, I would‚Äôve extremely grateful for something like this. üíúüíú",0,Twitter for iPhone,
Annika Sparkles,1025777589216927749,"Seattle, WA",2023-01-20 20:31:43,How the hell does an industry over hire when there were still 10‚Äôs of millions of open positions? This is about sha‚Ä¶ https://t.co/pnZx7FJLWK,1,Twitter for iPhone,
KIRO Newsradio 97.3 FMüéô,20990445,"Seattle, Washington",2023-01-20 19:59:05,"Finland got homeless people off the streets ‚Äî by getting rid of most of their shelters?

@thedaveross and‚Ä¶ https://t.co/Pa0BLQQYHg",1,TweetDeck,
bachelor raccoon,1516165472449748995,"Seattle, WA",2023-01-20 19:54:51,@0zgurlukcu @GhostCoase @GeorgistSteve @Danielc08769357 Why not whose keeping me safe if I live in an apartment? Wh‚Ä¶ https://t.co/Wn97ObZDvy,0,Twitter for Android,
Mirvüòá,865003482150969346,"Seattle, WA",2023-01-20 19:21:01,"@stkirsch I was saying this about the homeless in LA (or anywhere) all through covid. 

Why aren't they dying if it's so deadly?",1,Twitter for Android,
James Pro-Choice Bonz,22228174,Bellevue Washington,2023-01-20 19:17:38,Gallery owner who hosed homeless woman in San Francisco arrested - BBC News https://t.co/xkQqn3XPUC,0,Twitter Web App,
Sean Reynolds,623233155,"Bellevue, WA",2023-01-20 19:06:28,"7-Eleven stores in Texas, California, New York use classical music to shoo homeless people
https://t.co/DUY46E67pC
https://t.co/DUY46E67pC",0,Zapier.com,
Summit Properties NW,3010457868,"Bellevue, Wa",2023-01-20 19:06:27,"7-Eleven stores in Texas, California, New York use classical music to shoo homeless people
https://t.co/HEPjP2vpzU",0,Zapier.com,
MyNorthwest üå≤,21224486,Seattle,2023-01-20 18:39:42,This week Colleen and I talked with one of the people who organized Finland‚Äôs successful campaign to get homeless p‚Ä¶ https://t.co/CpAVWFslxd,2,TweetDeck,
Bill2uok,1593822144320131072,"Seattle, WA",2023-01-20 18:29:38,"NATO doesn't step in and force Zelenski to talk out a peace deal with Putin. Only the Ukraine people will suffer, o‚Ä¶ https://t.co/DeqAjR7PsB",0,Twitter for Android,
Don cline,728989930748186624,Seattle,2023-01-20 17:52:40,@EndWokeness The new EV plug in for electric cars will be needed for plug ins for the homeless electric toasters an‚Ä¶ https://t.co/pBN07Xiw9H,0,Twitter Web App,
suzette sommer,498531048,Seattle,2023-01-20 17:45:50,"Not all homeless people are in the same situation.

https://t.co/QUs0IHgh8U",0,Twitter Web App,
FOX 13 Seattle,17070252,Seattle,2023-01-20 17:45:16,"San Francisco police say they've arrested Shannon Collier Gwin, the man seen last week on video hosing down a homel‚Ä¶ https://t.co/DD9GTLF7o2",0,True Anthem,
Dances with Nut Jobs,865141506,"Seattle, WA",2023-01-20 17:33:45,@Patrice62055589 @BJAtweeter @EThorup77 @FightHaven You have never had to deal with a crazy homeless man playing fr‚Ä¶ https://t.co/vNNFuYRxBz,0,Twitter Web App,
Nick Papageorgio,1239347478714912768,"Seattle, WA",2023-01-20 17:28:06,@spshoot Same ridiculous solutions as Seattle. Don't hold the criminals and homeless accountable. Instead of puttin‚Ä¶ https://t.co/ulSDsajaRz,0,Twitter for Android,
J O N B O Y,1345577507135737856,"Seattle, WA",2023-01-20 17:21:00,"It's fucking impossible for these ""Seattle"" TikTokers not to film the homeless for likes",0,Twitter for Android,
actually just saying,147363745,Seattle,2023-01-20 17:20:42,"@chris5977 @DivestSPD looks like a former cop has negative opinions about the homeless

shocking",0,Twitter Web App,
owner/operator space laser JSL2,1221101275489525761,"Seattle, WA",2023-01-20 16:20:46,"@GamezBellz It's just their extension of how they regard the homeless
To recap:
First Reagan closed mental faciliti‚Ä¶ https://t.co/s2b4xcsRlk",0,Twitter Web App,
Premera Blue Cross,18694162,"Mountlake Terrace, Washington ",2023-01-20 16:00:02,"Often referred to as the ‚Äúhidden homeless,‚Äù 30% of the homeless population are families with children. @SpokaneFP s‚Ä¶ https://t.co/2wPAooNNCx",1,Sprinklr Publishing,
gta5killboys2,759892518758604801,"Seattle, WA",2023-01-20 15:27:14,@GeorgePapa19 We need to eliminate the irs And replace it with a different tax Because the IRS makes too much money‚Ä¶ https://t.co/C7H6CfYsDA,0,Twitter for Android,
Jo,46790719,"Seattle, Washington",2023-01-20 15:26:23,@StephenMoore And California wants to give every black person in the state 5 million dollars. All while men and wom‚Ä¶ https://t.co/NWtuqIJIr3,0,Twitter for iPhone,
SonnyinSeattle,16656505,"Seattle, WA",2023-01-20 15:03:42,@SpeakerMcCarthy #WeakerSpeaker can‚Äôt even stand up to a junior congressman that defrauded elderly and homeless vet‚Ä¶ https://t.co/LKjCMvgCgE,0,Twitter for iPhone,
Dan Adelman,123659595,"Redmond, WA",2023-01-20 14:59:14,"I mean, they could've built up this character more gradually. Lying about his mother's death on 9/11? That's good s‚Ä¶ https://t.co/178YEThjkj",0,Twitter for Android,
Daniel Scheeler,1563439036152561664,"Renton, WA ",2023-01-20 14:48:25,"@lavern_spicer You would be shouting ""socialism!!!"" if Biden did, in fact, send food aid to homeless Floridians.",0,Twitter Web App,
Norman Oro (he/him/his),312087343,"Seattle, WA",2023-01-20 14:37:14,"If there are homeless people living in this apartment building without paying rent, do I think they should be kicke‚Ä¶ https://t.co/CQVfDyOc1s",0,Twitter Web App,
Chris Baraniuk,219074016,Out Beyond the Dune Sea,2023-01-20 14:18:21,@davidrvetter I wrote a big feature about food insecurity some years ago. Had met people who had been homeless; fol‚Ä¶ https://t.co/6Np9kOXFX4,2,TweetDeck,
Alycia Ramirez,797247622541148161,"Seattle, WA",2023-01-20 07:03:18,"This is the anti-homeless leg template created by Cicero Institute that bans public camping.

It also:

-Creates st‚Ä¶ https://t.co/ye9wKfLAut",3,Twitter for Android,
dietbuddha,26435810,"Seattle, WA",2023-01-20 06:14:38,@choeshow I thought it was because she delivered on her socialist platform to reduce capitalism and wealth for the‚Ä¶ https://t.co/ZOwfx6pHYj,0,Twitter for Android,
dietbuddha,26435810,"Seattle, WA",2023-01-20 06:07:01,"@choeshow Or maybe EBT scammers that make the money by using the homeless to get EBT cards, purchase and then resell at a profit.",0,Twitter for Android,
Aban Krakyewaa üò´,291492752,"Seattle, WA",2023-01-20 05:51:53,"@Nikkisamonas ""It's my forth day being homeless. But I don't wanna say am feeling hopeless.."" ‚ù§Ô∏è",0,Twitter for Android,
Brian Manzo,742093688,"Seattle, WA",2023-01-20 05:44:48,"@BrookeJenkinsSF @SFPD Arrest thieves, shoplifters, drug dealers, and drug users, and leave this person who just di‚Ä¶ https://t.co/NonYVx2dxQ",0,Twitter Web App,
Manny Manny,753108977517551616,"Bellevue, WA",2023-01-20 05:10:00,"@KristiNoem This same children will become homeless which you don‚Äôt care about , hypocrisy at its highest peak",0,Twitter for iPhone,
Paul Cox,69823284,"Seattle, WA",2023-01-20 04:58:32,"@alanhinton11 I agree! It shouldn‚Äôt be this hard to have decent healthcare or enough food for everyone, either.

Bu‚Ä¶ https://t.co/3BgcdMzrZq",0,Twitter for iPhone,
Alan Hinton,273241781,"Seattle, WA, USA",2023-01-20 04:45:06,Problem I have is that I think US is the greatest country in the world and creating homes for all homeless should n‚Ä¶ https://t.co/YtpvoitMdl,0,Twitter for iPhone,
KOMO News,16086928,"Seattle, WA",2023-01-20 04:30:30,"Nicolas Quijano, the homeless outreach manager for the city, said the program aims to provide resources to people,‚Ä¶ https://t.co/f74jo8v6pZ",1,TweetDeck,
Suburban Destruction Daydream,290748484,"Seattle, WA",2023-01-20 04:13:47,"@seattletimes I'm enjoying the people blaming this on ""OH MY GOD THE HOMELESS AHHHH"" and ignoring the article that‚Ä¶ https://t.co/fBtOTb1pMo",0,Twitter for Android,
man with giant cock,3192673533,"Seattle, WA, ",2023-01-20 03:40:45,https://t.co/JBpROgREth: Coastal counties left out of Gov. Kotek's homelessness emergency declaration.‚Ä¶ https://t.co/A1O1hy0X1p,0,Twitter for Android,
Fouzia M Ali,54817858,"Seattle,WA",2023-01-20 03:34:39,"@komonews Let kids be kids, why expose in young age to any of such thing, why confuse?  At individual level someone‚Ä¶ https://t.co/r6WmX5oAQ2",1,Twitter for iPhone,
Jeremy Harris,22829736,"Seattle, WA",2023-01-20 03:28:28,"‚ÄúThey were my best friends‚Äù 

I talked to a man who survived last night‚Äôs homeless encampment shooting in Georgetow‚Ä¶ https://t.co/aDVMSXn1nA",1,Twitter for iPhone,
man with giant cock,3192673533,"Seattle, WA, ",2023-01-20 03:20:11,"The New York Times: San Francisco Gallery Owner Is Charged After Spraying Homeless Woman.
https://t.co/dPODKaPFYX

via @GoogleNews",0,Twitter for Android,
Loyd Hogan,1508540417821720581,the Disneyland on the Duwamish,2023-01-20 02:54:38,@choeshow @cmkshama Just another stinking tool for homeless inc https://t.co/6GxdWnKJME,0,Twitter for Android,
Captain Dave,197296092,Seattle,2023-01-20 02:47:12,@1BethDutton @click4mrh @ram7067 Northlake Tavern had national awards for the best pizza in the US many years ago.‚Ä¶ https://t.co/UK8UZxZ0nE,0,Twitter Web App,
DivestSPD,1275567382195343360,"Seattle, Washington",2023-01-20 02:28:05,"It's funny because after Choe used that ambiguous faceplant emoji, the rabid freaks who normally lap up his anti-ho‚Ä¶ https://t.co/myqaRLGRrt",0,Twitter Web App,
J O N B O Y,1345577507135737856,"Seattle, WA",2023-01-20 02:27:20,"@DivestSPD Thinking that spraying a homeless woman sitting on the sidewalk with a hose is ""vigilantism"" is so desperately sad",0,Twitter for Android,
DivestSPD,1275567382195343360,"Seattle, Washington",2023-01-20 02:24:06,Rightwing sickos are all hornt up to do some vigilante stuff to homeless people. https://t.co/oYVlQ5PoSt,11,Twitter Web App,
Jennifer Dowling,2596653764,"Seattle, WA",2023-01-20 01:50:49,Two men were shot in a car just after midnight near a homeless encampment at 5th &amp; South Michigan Street. ¬† Some ca‚Ä¶ https://t.co/ntMYN3xNIA,2,Twitter for iPhone,
James D,14805766,SEATTLE!,2023-01-20 01:34:54,@auburn_wa Bedding for your homeless comrades,0,Twitter for iPhone,
Marcus V,107840079,"Seattle,WA",2023-01-20 01:26:28,@_gh0stn The worst thing was that he stole $3000 from a homeless veteran that was meant for the veteran‚Äôs service dog‚Äôs cancer treatment.,0,Twitter for iPhone,
Dances with Nut Jobs,865141506,"Seattle, WA",2023-01-20 01:17:55,@cracklessloser @EThorup77 @FightHaven Now that‚Äôs context.  The assumption was he was a crazy homeless guy running‚Ä¶ https://t.co/YQiJkbs3Jm,1,Twitter for iPhone,
Absentee Father of the Year *Parody*,194668553,Seattle WA,2023-01-20 00:49:22,@CBSNews My sympathy for the homeless people that they try and give this shitty tasting pizza that was prepared and cooked on the floor to.,0,Twitter for iPhone,
Samantha Stark,2671438789,"Seattle, WA",2023-01-20 00:21:08,@JohnLang1938 @RonFilipkowski Dude you don‚Äôt KNOW the veterans political affiliation. He never stated. All he wante‚Ä¶ https://t.co/0OE0LM9XcI,0,Twitter for iPhone,
Alan Hinton,273241781,"Seattle, WA, USA",2023-01-20 00:16:02,Please excuse my naivety re Seattle politics only been here 41 years. Then Senator Slade Gordon who I knew would ha‚Ä¶ https://t.co/Ki0l5IdN5u,0,Twitter for iPhone,
